ID,Date,Conc
1291543,2022-05-03,3.130906626
4972386,2021-05-27,12.80763847
9934712,2022-10-15,0.210824763
2711078,2022-05-06,0.439144782
8171692,2022-01-20,0.327022589
7859592,2021-10-24,5.866428408
3116653,2021-10-09,12.25842932
2351415,2022-10-12,0.353565156
5744215,2022-05-10,1.305395714
7789181,2022-11-27,0.195687876
1973884,2021-04-03,1.358985915
1908686,2021-12-18,6.20647088
4301820,2021-11-03,4.938157989
3313764,2021-03-28,12.12190731
8349468,2022-06-06,0.098717145
6254240,2022-08-23,0.58944976
8732753,2021-09-03,7.496602844
1354260,2022-06-15,0.350233228
6670329,2022-03-25,1.396354657
9784366,2021-10-27,7.937786138
5607056,2021-07-29,4.768065364
6566599,2021-04-22,5.99046698
4126690,2021-05-22,6.233480363
8667182,2022-06-06,2.575243544
3052723,2021-11-05,8.581715814
8635225,2021-07-22,3.236675596
1015541,2021-05-08,8.498127698
5461623,2021-03-24,19.52225566
4909126,2022-06-18,1.012529703
9403345,2021-03-08,6.890925638
1055096,2022-08-09,0.352515822
3100008,2022-11-21,0.324954513
1296446,2021-12-03,5.165829604
5986204,2021-10-19,15.38151445
4571739,2021-01-04,10.87607574
5960262,2022-07-20,1.571667039
2810551,2022-08-24,0.002307249
1271728,2022-08-05,0.014079624
8730400,2021-07-07,0.999867213
2963642,2022-04-10,4.546003265
7897376,2021-06-16,10.27539324
3008241,2022-06-04,0.000165363
4523129,2021-10-01,9.385368068
5539507,2022-04-20,0.03804299
4551238,2022-10-28,1.227181832
2729101,2021-08-11,15.29242571
3750345,2022-01-07,0.03367963
1795933,2022-05-03,0.043319864
7985316,2021-07-05,17.77350215
2439985,2022-03-10,0.000864124
9403345,2022-03-25,2.778761244
7700732,2022-10-31,0.50860946
5897467,2021-10-01,0.186002418
5691061,2021-06-14,11.21765706
6805661,2022-08-21,1.301956121
1015541,2022-09-12,0.344003891
2465877,2021-02-25,6.276938247
9653090,2021-01-14,4.42033156
9636943,2021-06-03,11.66385793
9393708,2022-09-01,0.907287908
1428094,2022-08-07,4.279692375
5607056,2022-01-14,2.46968701
3933475,2021-07-24,15.5605937
3260944,2022-02-18,1.981166439
5540883,2021-05-20,16.3937435
8123122,2021-12-07,6.933383169
8168724,2021-08-14,2.115093175
6327985,2021-01-02,18.18705977
7758957,2022-08-13,0.318375763
9478460,2022-09-30,0.210033087
1347705,2021-12-21,8.289103353
8932564,2022-06-30,0.265032283
6731573,2022-09-18,0.511626946
9374416,2021-07-25,6.892814496
8711040,2021-10-25,2.594139252
6533167,2021-02-15,7.194428529
3019545,2021-11-18,12.21022717
5769327,2021-06-01,8.321173085
4571739,2022-07-10,0.266402946
5636573,2021-06-01,13.9803468
8732753,2022-07-19,0.019461803
2382262,2021-01-18,3.82264922
2371050,2022-08-20,1.586766345
2532240,2022-04-23,0.005051997
8055348,2021-12-09,7.738337377
4440588,2021-07-26,16.86583539
6652311,2021-04-06,14.06659153
8334750,2021-02-03,11.05719275
1095590,2021-11-25,4.967894452
5301586,2021-05-30,6.135501317
5760772,2022-09-09,0.853482031
8423395,2021-10-04,8.799341966
4769096,2022-09-01,3.000494767
3103341,2021-01-04,5.404870828
1300113,2022-06-11,3.382003877
2653383,2021-11-17,10.16823417
9298044,2021-11-25,4.321191418
5635996,2021-11-10,6.363014755
1147002,2021-08-13,5.946310696
3103341,2022-10-30,0.778953931
2844290,2021-03-15,5.176487266
7974384,2021-01-06,11.12049124
3180757,2021-05-10,7.941987992
6910411,2021-02-15,2.284776596
9733736,2022-06-09,1.952029546
6432302,2022-10-26,0.685235048
4440588,2022-10-03,0.651841853
6833116,2022-12-17,0.058254584
1913540,2022-06-28,0.000104471
2342329,2021-09-09,7.224164408
6473752,2022-07-02,5.161958425
2844290,2022-09-12,1.478506313
1296446,2022-09-11,0.724552346
9393708,2021-02-22,2.215470217
4000244,2021-10-29,7.826952851
4629334,2022-11-19,2.142746001
9348715,2021-01-07,10.26149512
6174756,2021-03-29,1.115777347
9643048,2021-12-20,4.807823748
2951728,2022-08-31,0.714963942
5474387,2022-07-26,0.318715245
7878741,2021-03-27,8.834555
4579136,2022-09-13,0.037565641
4922756,2022-09-23,0.000355711
1151634,2021-01-07,9.864157486
8635225,2022-08-15,0.040647305
5336821,2022-04-16,0.133909806
1352593,2022-09-15,0.470298685
1326638,2021-04-30,11.95213318
3477772,2022-07-14,0.994935457
2193216,2022-07-26,0.069529258
7800192,2022-12-03,0.107904754
8056497,2022-08-31,0.773945939
8328993,2021-05-30,9.461367116
7867468,2022-08-23,3.043411432
1452207,2021-02-15,8.231866006
8712256,2022-12-13,1.405790492
7691771,2021-01-16,1.485236658
2193216,2021-03-29,4.329204005
1151634,2022-08-16,0.09370884
4123479,2021-04-25,18.02246631
4335670,2021-07-05,8.866171269
3940989,2021-10-14,6.2627063
7878612,2021-05-03,10.39442131
8346084,2022-09-18,1.102716607
9873389,2021-05-08,10.59044172
5069126,2021-11-07,0.50041217
9308139,2021-10-11,11.55945927
8024381,2022-03-05,1.983987101
4523129,2022-06-24,0.120795858
5474387,2021-01-04,14.47307058
7779062,2021-01-11,6.795062958
1421762,2021-03-22,9.481678729
5137001,2022-06-11,0.020143011
4473460,2022-08-22,0.250830259
3784973,2022-09-19,0.005737706
4833017,2021-09-23,9.745158866
6620155,2022-11-12,0.146061671
1355137,2021-08-27,7.06715854
2841029,2022-08-16,0.171352534
6217553,2022-11-10,0.084211866
7217038,2022-06-04,2.882307848
7789476,2021-07-19,5.994597287
3215151,2021-01-12,6.635584166
1708628,2021-12-22,7.166671287
4463753,2022-12-22,4.17969353
8295368,2021-07-23,15.26404194
4389472,2021-09-06,15.24063132
8458965,2021-06-10,3.372415279
6624963,2022-03-27,0.753612208
9020203,2021-09-09,14.92575089
2351415,2021-09-11,7.919747229
9238317,2022-09-21,1.377587165
2371050,2021-06-17,15.5201519
7867039,2021-09-14,7.718977033
8055348,2022-07-10,0.18238868
6910411,2022-11-16,0.060010271
8072362,2022-11-10,0.075979246
2206732,2022-12-26,1.628998881
9367018,2022-12-11,0.646753272
2654133,2022-01-12,0.546317607
8295368,2022-07-18,0.347458768
9950413,2021-05-15,7.367220681
8550336,2022-07-11,1.813257713
6174756,2022-08-19,1.290070324
3904178,2021-02-08,7.783786206
5663705,2022-06-28,0.111573427
6254240,2021-11-09,5.851599928
8404979,2022-01-05,0.872089495
9653923,2022-02-10,0.06577696
3836340,2021-08-02,7.583444154
6042842,2021-12-06,21.21969545
7515442,2021-11-09,6.554792848
8495155,2021-08-07,9.328205628
2455696,2022-04-04,0.062630363
3806906,2021-02-25,17.55052471
7131486,2021-09-04,14.06960873
4273036,2021-05-24,14.46033636
9589019,2021-12-10,10.38204223
3131659,2022-12-11,0.169783256
9885762,2021-04-25,17.37334899
8056497,2021-10-25,13.96416939
1708715,2022-06-01,0.132692531
4830328,2022-01-30,0.308958659
5814674,2021-09-16,7.034937732
1990810,2022-09-12,6.77242359
5636573,2022-11-23,1.944184021
6373990,2022-06-06,0.066768633
8743561,2022-11-07,1.776332662
8888125,2022-05-10,0.043642733
6606110,2021-02-19,5.973976938
4629334,2021-10-18,4.806321569
3100008,2021-02-09,7.595495455
4335670,2022-02-10,0.593085747
7550341,2021-08-01,7.836910641
1054740,2022-02-20,0.237554194
1307495,2022-07-02,0.036010046
5821264,2022-04-15,0.007592872
9589019,2022-12-25,0.009484333
7515442,2022-11-06,0.127670371
8096869,2022-07-17,0.627178675
2277202,2022-08-28,0.030388831
6739807,2021-12-21,27.41176836
8828217,2022-06-18,3.196227017
9834737,2021-08-07,4.668123347
7006723,2022-07-06,0.151334176
5292648,2022-09-08,4.355984289
7878741,2022-05-14,0.044845062
7867039,2022-04-10,2.347991398
5744215,2021-10-01,26.97090956
2206732,2021-02-14,6.859571964
1305945,2022-10-08,4.513482528
2277202,2021-08-03,7.883340831
2551194,2022-02-10,0.584468815
5461623,2022-09-27,0.159776332
2653383,2022-06-30,0.000451278
4186769,2022-09-23,0.018844506
1300113,2021-12-24,16.19342655
6327985,2022-10-25,2.862437084
1913540,2021-02-13,18.28406681
6620155,2021-02-14,11.8629631
8658836,2021-02-11,0.9266179
8130662,2021-03-18,13.79814156
2190822,2022-11-03,1.117021226
8130662,2022-05-24,0.880188665
5960262,2021-04-04,0.839086627
4579136,2021-02-11,0.701541132
1951672,2022-11-10,2.719575685
5294786,2021-07-02,2.51279955
7006723,2021-02-28,10.78315854
3131659,2021-05-15,3.273687451
8104175,2021-08-18,23.34716614
3940989,2022-09-26,0.013517077
8273804,2022-12-26,0.000378739
3260944,2021-09-01,15.21945138
2135464,2021-02-17,10.44462366
8096869,2021-07-16,17.41870978
1271728,2021-10-10,9.133798069
7437838,2021-07-14,4.212420637
2418816,2021-08-23,6.162121746
4833017,2022-10-20,0.022507091
5153059,2021-05-27,10.66302255
4000244,2022-05-22,0.157696137
2729101,2022-04-09,0.349299425
6129979,2021-08-01,11.10605126
1634507,2021-03-16,5.413923936
1973884,2022-02-25,5.404222667
8840853,2022-01-03,5.330384212
8539287,2021-02-20,8.046791918
2780733,2021-03-15,8.116068473
4244024,2021-08-18,10.51224963
1421762,2022-12-15,0.011003815
5760772,2021-02-07,19.04586289
8273804,2021-03-23,9.423124295
3358375,2022-07-04,3.172314353
4584433,2022-08-15,0.020064631
2001620,2022-04-23,0.073427052
7835369,2022-10-12,1.886065087
7323899,2022-02-17,0.023894968
4922756,2021-07-12,7.205516051
5003358,2021-06-15,6.788647499
1666243,2022-02-28,0.327044645
2665354,2022-09-03,3.623045163
8424721,2021-12-19,15.92592138
2277004,2021-12-13,8.150084265
9478460,2021-10-07,6.207894632
7171934,2022-09-24,1.376386192
5778763,2022-09-10,2.654936443
6060951,2021-01-29,14.04714978
7789476,2022-11-27,0.199489917
4586842,2022-08-24,0.267140394
2551194,2021-05-15,14.77380047
9408382,2021-02-17,7.758551877
2001620,2021-03-11,0.722486654
8328993,2022-03-07,0.026682136
9077104,2021-10-17,6.057600555
8496820,2022-09-12,0.042736254
8421667,2021-04-28,9.292887298
7837563,2021-07-31,13.30514186
8828217,2021-01-20,5.773831784
7457921,2022-08-20,0.610513161
4473460,2021-04-12,8.2524302
1347705,2022-12-10,3.95095755
1060278,2021-04-09,12.23876539
7384479,2021-12-23,4.042330534
6196800,2021-02-14,7.234892902
3288208,2021-08-19,17.17594673
2654133,2021-10-19,21.09502675
1452577,2022-08-04,0.029885699
2440132,2022-04-22,1.387557741
9720716,2021-03-20,2.572797388
7871291,2022-01-30,0.410780705
2774738,2022-02-17,0.80361811
8404979,2021-10-12,26.92442956
1795933,2021-03-17,11.24579581
3790394,2022-04-23,0.163800021
2757851,2022-06-17,0.237707917
7789181,2021-06-17,22.76621145
9327376,2022-04-09,0.146277124
3806906,2022-08-14,0.265436068
5301586,2022-03-09,0.002844407
5663705,2021-01-21,9.878598511
4926993,2021-08-05,17.0241601
6402457,2021-06-02,6.262284039
7867468,2021-10-01,8.562739834
5292648,2021-10-18,3.832432363
6546386,2021-09-15,16.29058412
1354260,2021-12-01,5.88550771
9408382,2022-09-11,0.422232294
4123479,2022-12-13,3.733285657
7457921,2021-11-26,11.11868526
4048619,2021-11-06,8.275817242
7700732,2021-12-04,10.59625872
9257190,2022-11-27,0.369144945
9653090,2022-06-06,0.54574684
9367018,2021-05-17,6.79771022
1399841,2022-05-02,0.154060689
4830328,2021-07-26,18.87599682
2557445,2022-09-26,0.078460577
5897467,2022-08-01,3.34761373
8203199,2021-02-09,15.6495448
7691771,2022-09-22,9.332083659
1951672,2021-10-05,14.12901912
3790250,2022-11-22,1.470751644
2536482,2021-02-02,5.263875957
1290775,2022-07-08,0.176906998
1905634,2022-04-15,0.533688082
3008241,2021-01-20,5.680027167
1005812,2022-10-17,1.146927881
7966871,2022-05-30,1.241562207
6402457,2022-04-22,2.144831617
9348715,2022-05-03,0.029924752
9363533,2022-04-02,0.863220675
9951055,2022-04-23,1.770864451
9028289,2022-08-08,0.731146634
4317296,2022-07-02,0.365645427
1054234,2021-05-06,17.15325039
1352593,2021-12-06,6.808518992
8496820,2021-03-22,11.83642053
2711078,2021-02-18,16.51365718
4972386,2022-04-02,0.035413612
9733736,2021-07-18,5.709373609
5769327,2022-08-07,0.533466463
6606110,2022-11-25,1.009284417
8993537,2021-04-30,5.618847001
5137001,2021-10-15,8.757105314
9456994,2021-07-16,27.18178521
7272390,2022-07-15,0.215231154
5286387,2022-12-24,0.117889699
1452577,2021-02-02,1.461036746
8658836,2022-09-03,0.094685722
1436759,2021-08-31,18.76900371
1102650,2022-12-11,0.533849975
1710481,2021-08-18,8.249940959
1214659,2021-03-31,1.323432689
2404398,2022-07-19,0.100728305
6230058,2021-03-25,20.38050875
1642008,2021-04-12,12.59309634
8203199,2022-01-03,0.723253523
6652311,2022-09-16,0.00291419
7813309,2022-07-27,3.017405782
3828160,2021-11-10,8.443615323
7244518,2022-08-24,0.850302716
5847631,2021-02-24,11.11184846
6566599,2022-12-24,0.569590994
2986894,2021-01-31,12.0654471
9950413,2022-06-13,0.355832353
8104175,2022-01-14,0.107733581
5286387,2021-12-16,14.55391044
7523863,2021-04-24,10.2334362
1326638,2022-12-14,0.000347438
9755179,2022-05-05,0.739776025
8539287,2022-10-18,0.088736991
1244280,2022-07-24,0.000878491
9834737,2022-06-16,0.567119426
6783464,2021-06-02,5.48743649
1908686,2022-12-18,0.041250052
5922393,2021-09-28,8.791310784
8171692,2021-12-09,1.33814935
3215151,2022-01-22,0.021535413
4769096,2021-11-20,3.988399962
3633621,2022-02-25,2.581584626
8540683,2022-05-16,1.135270896
5326726,2022-10-08,0.003107405
5746641,2021-01-08,26.60225212
8751650,2022-02-21,0.081376392
2951728,2021-01-28,0.506134588
8840853,2021-01-06,13.54938747
2091024,2022-05-25,0.030547106
9873389,2022-12-21,1.057759918
8401249,2022-11-01,2.620698628
9077104,2022-08-12,0.308444736
8366629,2021-09-21,11.34523712
4048619,2022-06-09,0.664823201
7437838,2022-12-01,0.000748765
1896619,2022-04-12,1.232112348
3674694,2021-05-02,25.92857345
4186769,2021-01-31,14.20944528
4675013,2021-05-07,17.77412747
5512270,2021-11-08,1.264724353
7279960,2022-01-16,1.085564766
5153059,2022-06-22,7.047492772
6783464,2022-01-04,0.621218007
7847638,2021-10-31,6.502003305
1634507,2022-11-10,0.629328835
7461900,2021-11-23,13.84838927
4290002,2022-02-25,1.330392248
8359181,2022-08-23,0.397223075
1291543,2021-01-04,5.522240194
7279960,2021-03-25,22.27836932
9374416,2022-06-14,1.820658458
1964587,2021-08-23,10.51560768
6624963,2021-02-02,7.918610844
4907286,2022-04-14,3.839206578
4974182,2022-01-19,1.155650643
9636943,2022-08-05,1.188304374
1820032,2021-09-15,8.376245345
2557445,2021-09-14,15.03986523
7366012,2021-07-11,7.981990816
5371779,2021-08-04,11.60338397
1307495,2021-03-05,10.43788501
3834781,2022-04-17,0.54292591
8636871,2021-02-09,7.855971441
3790250,2021-07-29,10.26460709
5922393,2022-10-22,0.000294929
9720716,2022-06-28,1.012675287
2218771,2021-07-20,8.237421549
7150431,2022-12-18,4.576424124
3834781,2021-04-02,16.16814006
3836340,2022-12-23,0.143909352
7171934,2021-09-14,7.681799744
3180757,2022-09-25,0.043796543
5137004,2022-01-11,0.009140529
8941937,2021-12-07,7.059119861
1644520,2021-11-21,3.525322634
2277004,2022-11-29,0.000171625
4909091,2021-06-28,14.48952874
3116653,2022-10-31,7.81E-05
7970143,2021-12-25,15.20703116
7723428,2021-02-13,19.36315447
2229626,2022-04-12,0.127261366
4463753,2021-02-04,14.98805586
8329215,2021-12-20,11.07204567
7644973,2022-06-30,1.527615238
9020203,2022-03-03,0.032826452
4028686,2022-01-22,0.225223299
4551238,2021-11-24,5.740028878
4126690,2022-12-15,0.894312134
5294786,2022-07-04,4.253176561
2439985,2021-10-15,13.92552233
4317296,2021-02-09,9.955158242
5512270,2022-07-24,0.083835265
2091024,2021-05-25,7.836685592
4909091,2022-07-30,0.399526248
1095590,2022-09-08,0.961159025
2229626,2021-02-08,4.575910174
6833116,2021-07-06,3.249747001
2829697,2022-11-14,0.473684263
6129979,2022-05-21,1.088282171
3140930,2022-04-15,0.260093727
8317927,2022-03-03,0.428185348
1005812,2021-03-31,23.1878143
8622789,2022-05-10,8.332582476
2323151,2021-07-02,9.688033638
8994125,2022-01-02,0.009324063
6371776,2021-03-03,11.6770049
7974384,2022-11-28,0.427925445
8853441,2022-11-24,0.587707445
6370690,2022-02-21,0.033960404
6384905,2022-03-25,1.096630008
7848312,2022-01-25,0.144331376
6285722,2022-06-28,1.547392217
8622789,2021-05-19,15.30498872
1055715,2022-08-12,6.756655265
2135464,2022-12-11,0.073877007
1905634,2021-02-07,17.1701922
9841367,2022-08-30,0.757764732
8853441,2021-03-23,7.938240082
5154695,2022-08-16,0.149250896
2190822,2021-09-23,17.30347477
2507537,2022-11-01,0.009447482
7997218,2021-01-14,2.843781769
3790394,2021-10-26,4.582153072
1055715,2021-11-17,0.184109611
2973678,2022-12-26,0.100429262
1829307,2022-05-26,0.584056022
4938257,2021-12-07,21.18132671
9238317,2021-11-28,1.68703944
8667182,2021-06-05,9.82365582
8932564,2021-03-07,1.539653733
9727036,2021-11-26,6.391512975
9643048,2022-05-27,0.801939784
2455696,2021-06-06,1.655210744
3648052,2022-05-10,0.096077731
6034666,2021-08-03,10.52968245
4974182,2021-08-03,19.37001764
8740027,2021-10-07,4.237050584
4244024,2022-10-02,0.006746327
1399841,2021-09-08,20.56009738
7893182,2021-08-02,18.53357586
5847631,2022-07-01,0.104940138
6217553,2021-08-17,8.956103323
2440132,2021-04-07,14.40209767
1248929,2022-05-08,1.91745181
5326726,2021-01-10,18.63755742
5814674,2022-05-18,2.518053439
8123122,2022-01-06,0.383649163
7461900,2022-06-07,0.780156535
7779062,2022-02-01,0.091663182
9114272,2021-06-29,11.45954982
2963642,2021-12-01,6.366203185
5986204,2022-05-12,1.411446763
1351947,2021-03-17,5.805782427
4400725,2021-10-16,11.97374984
1641338,2021-07-24,17.5832996
4400725,2022-04-26,0.181280537
1163645,2022-10-19,3.463192793
4063995,2022-01-29,0.408709249
9729987,2021-04-25,11.46883686
7523863,2022-01-24,0.198199849
1686264,2022-01-22,0.236693753
7897376,2022-12-24,0.55300612
1835904,2021-03-08,6.013662641
9423804,2022-02-25,1.541721244
7985316,2022-01-15,0.020037907
4907286,2021-02-15,1.858429559
5727475,2021-10-04,13.0531373
7964445,2022-05-29,3.561572462
2323151,2022-03-25,1.806693064
6371776,2022-05-25,1.03158044
3529968,2022-08-17,0.09944438
8334750,2022-09-09,0.101153907
1355137,2022-08-20,0.425164824
5003358,2022-08-23,0.642776219
2382262,2022-09-02,0.296673186
3288208,2022-12-14,0.255452413
6151983,2021-04-09,5.6449932
6670329,2021-08-14,14.95907854
7477811,2021-03-31,14.47227641
7520991,2022-08-14,0.191872618
2841029,2021-06-02,10.8249136
8993537,2022-11-24,2.065039766
7244518,2021-05-07,15.18030594
4297158,2021-01-15,2.033095267
2418816,2022-07-11,10.14103916
7966871,2021-09-22,2.965505666
2100624,2022-10-20,0.825736609
9381605,2022-09-02,0.04300358
9184430,2021-01-21,1.922216069
6432302,2021-08-31,4.67624573
3683392,2022-05-24,0.041675532
8711040,2022-08-09,0.451608345
9507367,2021-04-29,16.21568734
4938257,2022-06-26,1.296726153
1305945,2021-08-21,0.594089456
5062299,2022-04-17,0.444554181
6473752,2021-05-23,1.892510223
8941937,2022-11-07,2.750839748
2536482,2022-03-15,0.742002765
8317927,2021-01-22,19.15638769
8636871,2022-06-16,0.020116835
1054234,2022-11-19,0.347851966
5371779,2022-10-23,0.032441867
1835904,2022-10-05,0.788972066
7520991,2021-10-15,6.078820319
8626482,2021-06-28,8.038015976
3908038,2021-08-14,18.89373752
3674694,2022-05-27,0.152537447
3784973,2021-06-06,3.561640421
3358375,2021-01-11,22.23347182
9184430,2022-04-20,0.098830715
6739807,2022-08-25,1.240748738
2969195,2022-05-29,1.030285305
1452207,2022-03-05,1.239715284
9050729,2022-08-20,2.159764713
4028686,2021-12-10,21.722695
6196800,2022-07-14,0.733238574
8359181,2021-01-13,6.976188209
9653923,2021-02-09,7.627993032
5137004,2021-04-03,10.93912843
1436759,2022-04-06,0.238412877
1214659,2022-11-21,0.029227035
7217038,2021-01-23,4.714415522
2520743,2021-07-05,18.47547902
3477772,2021-12-06,26.3950701
1055096,2021-12-18,18.50872387
1641338,2022-04-18,0.000220352
3140930,2021-03-02,9.602332809
1294266,2022-05-27,0.34307755
8424721,2022-04-29,0.79984359
7758957,2021-10-21,7.111197222
5746641,2022-11-15,0.002378862
1163645,2021-01-24,19.1138366
3750345,2021-03-11,3.532262047
8540683,2021-05-24,9.566734681
6060951,2022-12-14,0.342221353
7916712,2021-12-02,13.78968828
3683392,2021-04-17,5.695254164
4389472,2022-07-07,1.518659841
3904178,2022-04-06,0.521958843
7813309,2021-05-04,11.37285838
4677184,2022-04-14,5.556514681
2651893,2022-02-04,0.430631825
2829697,2021-07-13,2.212238541
3480889,2022-05-26,0.010388032
7847638,2022-02-09,0.102384558
7131486,2022-11-23,0.778373903
4104430,2021-05-24,6.170084368
8740027,2022-08-15,3.891216191
2973678,2021-08-18,15.87797119
9951055,2021-03-19,13.92858215
5154695,2021-04-30,7.279089186
8366629,2022-08-30,0.09861161
4297158,2022-07-07,0.642933673
4301820,2022-09-29,0.861110194
7916712,2022-01-20,0.777994543
8550336,2021-11-04,3.126153589
9755179,2021-08-12,10.59133181
1686264,2021-07-21,11.81840641
3019545,2022-09-22,0.040848584
3070530,2022-03-18,0.044843993
1642008,2022-11-11,0.156947813
2665354,2021-03-15,15.10703741
7366012,2022-02-24,0.642386222
6805661,2021-05-21,11.21028093
8423395,2022-08-07,0.145801154
1294266,2021-04-08,11.85351209
2810551,2021-01-16,9.095049905
6285722,2021-02-07,10.1213582
8543601,2021-11-01,13.13920309
2100624,2021-10-04,10.25239831
7003729,2022-03-19,1.277788432
2013643,2021-01-20,5.318977082
3529968,2021-12-04,6.661585907
9841367,2021-04-27,9.645385619
7848312,2021-11-30,11.22711109
9050729,2021-05-01,36.38369804
5539507,2021-04-20,11.37392289
1990810,2021-05-20,23.00136268
3061239,2022-02-20,1.312614191
1710481,2022-12-09,3.114960246
2757851,2021-04-01,12.17675054
9114272,2022-10-29,1.409902333
3828160,2022-06-11,0.811442353
2404398,2021-04-03,5.255349661
7323899,2021-06-16,4.180689067
8329215,2022-12-23,0.119172429
6373990,2021-10-12,6.599273514
2465877,2022-05-30,0.747022236
8626482,2022-03-11,0.49237054
3324890,2022-09-17,0.17416646
5225498,2022-09-02,0.036528143
8401249,2021-09-21,8.068626906
9934712,2021-05-24,11.48957463
3061239,2021-11-05,14.5574381
2774738,2021-07-01,13.62140995
7272390,2021-04-17,22.35486238
2342329,2022-08-17,0.158689723
9507367,2022-04-13,0.00316893
9362304,2021-07-07,6.148139912
1290775,2021-09-16,31.76716119
5691061,2022-05-28,0.766066894
5062299,2021-06-09,9.645475231
6034666,2022-01-04,0.008622984
3070530,2021-06-27,8.171001979
3480889,2021-12-10,4.909187434
8072362,2021-01-05,10.47725789
7878612,2022-10-03,0.058028132
8168724,2022-12-13,3.653700342
9298044,2022-02-01,0.178709572
8994125,2021-12-23,9.430942317
9381605,2021-06-29,7.930071331
1244280,2021-09-04,11.70607832
1708628,2022-06-17,0.171051613
9727036,2022-04-23,0.075865717
1248929,2021-09-29,7.873021035
1666243,2021-09-04,3.134444266
7837563,2022-08-06,0.949888567
4104430,2022-12-12,1.049326532
6546386,2022-04-08,1.741787054
2520743,2022-09-02,0.087426748
8712256,2021-06-09,7.593394858
8495155,2022-09-24,0.009996841
7150431,2021-09-07,0.579755121
1351947,2022-12-05,0.529216025
8751650,2021-10-12,12.95038844
2986894,2022-01-13,0.724168735
8421667,2022-08-31,0.421369609
8730400,2022-08-03,0.003818514
7871291,2021-08-26,10.53855067
2578603,2022-11-14,0.065468433
6151983,2022-01-13,1.122281953
3324890,2021-10-12,6.429178802
8543601,2022-08-02,0.259732877
5778763,2021-05-05,2.841432192
3052723,2022-03-09,0.161243862
1708715,2021-05-26,6.07269466
4613643,2021-03-13,16.76330409
5635996,2022-11-17,3.864006885
3908038,2022-11-04,1.333050334
7003729,2021-01-03,5.362046695
4926993,2022-04-25,0.194782415
1054740,2021-10-29,10.38744517
1997211,2022-01-21,1.428901967
8349468,2021-09-25,8.796079143
6883508,2021-03-19,13.27512742
6731573,2021-01-11,17.44465739
7997218,2022-09-22,0.483079524
9028289,2021-11-21,10.277004
8346084,2021-08-03,19.27543964
8024381,2021-01-31,26.62011113
5540883,2022-04-29,1.205751794
7964445,2021-03-14,8.796533093
5727475,2022-02-05,2.146724381
7550341,2022-05-26,1.194955836
9257190,2021-06-20,5.259398588
7800192,2021-11-21,4.140398385
7970143,2022-03-11,0.001241463
4063995,2021-07-25,4.445658219
5821264,2021-01-09,7.06695909
4613643,2022-07-20,0.051977422
7644973,2021-09-12,12.63146569
8743561,2021-01-05,19.40627797
4586842,2021-01-11,18.96474617
9423804,2021-07-27,4.177781555
3648052,2021-03-01,12.76964251
2013643,2022-05-09,0.441376185
9363533,2021-06-11,13.2363026
8888125,2021-12-26,8.649703311
2578603,2021-11-02,7.528235128
3933475,2022-05-31,0.006515617
6230058,2022-06-08,0.0005633
9362304,2022-06-18,0.545845961
2532240,2021-08-21,11.52328818
6883508,2022-05-09,0.001325969
4584433,2021-11-20,4.975018863
1896619,2021-10-30,6.46700195
6370690,2021-09-19,10.04702706
1428094,2021-10-17,20.44607915
2651893,2021-06-01,18.06319407
3313764,2022-04-09,1.30E-05
9057086,2021-01-22,1.337538492
5225498,2021-07-14,5.789641681
1829307,2021-09-06,34.87081705
5069126,2022-10-24,3.05622287
6042842,2022-08-18,0.074722081
1964587,2022-04-02,0.463431324
7859592,2022-06-05,7.08025814
9327376,2021-09-20,22.58226327
4273036,2022-04-16,0.509034916
9885762,2022-12-14,0.076643876
7835369,2021-02-27,3.822400831
7384479,2022-09-12,0.263103874
7893182,2022-08-17,0.000201997
4677184,2021-11-04,3.566081546
7723428,2022-11-01,0.660525854
1997211,2021-09-14,9.205017983
4675013,2022-08-25,0.168961739
1147002,2022-10-15,0.189325865
7477811,2022-07-27,0.254029621
3633621,2021-03-03,3.118153869
2969195,2021-10-28,14.96611696
6384905,2021-04-27,8.066758989
6533167,2022-03-21,0.018680868
1644520,2022-05-28,0.403697581
9308139,2022-10-23,1.45732917
8458965,2022-03-01,3.775897653
2507537,2021-01-30,11.00718412
1102650,2021-06-24,6.537430013
9784366,2022-08-02,0.173808452
9729987,2022-04-02,0.026728011
9057086,2022-06-15,0.062388512
2780733,2022-09-25,0.002567676
1060278,2022-06-04,0.49862807
